item,batch,clip,t_center_s,zone_s,Q1_bounce(Y/N/?),Q2_visibility(VISIBLE/PLAYER/NET/FRAME/BLUR/OTHER/?),Q3_near_line(Y/N/?),Q4_half(NEAR/FAR/?),note
P2-001,1,am_hard_utr,367.7,367.525-367.875,,,,,
P2-002,1,yt_match40,192.69,192.515-192.808,,,,,
P2-003,1,am_hard_utr,460.76,460.585-460.914,,,,,
P2-004,1,am_hard_utr,369.094,369.07-369.227,,,,,
P2-005,1,yt_match40,92.138,91.963-92.313,,,,,
P2-006,1,yt_match40,14.52,14.345-14.695,,,,,
P2-007,1,am_hard_utr,199.7,199.524-199.875,,,,,
P2-008,1,am_hard_utr,462.228,462.053-462.403,,,,,
P2-009,1,am_hard_utr,294.427,294.252-294.602,,,,,
P2-010,1,yt_match40,104.532,104.382-104.655,,,,,
P2-011,1,am_hard_utr,188.231,188.056-188.406,,,,,
P2-012,1,am_hard_utr,3.648,3.473-3.823,,,,,
P2-013,1,yt_match40,146.092,145.917-146.239,,,,,
P2-014,1,yt_match40,40.448,40.273-40.623,,,,,
P2-015,1,am_hard_utr,49.385,49.21-49.56,,,,,
P2-016,1,yt_match40,213.385,213.21-213.409,,,,,
P2-017,1,yt_match40,0.084,0.0-0.259,,,,,
P2-018,1,am_hard_utr,111.794,111.619-111.969,,,,,
P2-019,1,am_hard_utr,185.058,184.883-185.222,,,,,
P2-020,1,am_hard_utr,437.395,437.22-437.57,,,,,
P2-021,1,yt_match40,247.552,247.377-247.727,,,,,
P2-022,1,yt_match40,168.138,167.963-168.241,,,,,
P2-023,1,am_hard_utr,250.09,249.93-250.265,,,,,
P2-024,1,yt_match40,200.983,200.808-201.135,,,,,
P2-025,1,am_hard_utr,352.198,352.137-352.31,,,,,
P2-026,1,am_hard_utr,453.269,453.102-453.444,,,,,
P2-027,1,yt_match40,61.207,61.032-61.382,,,,,
P2-028,1,yt_match40,26.937,26.916-27.112,,,,,
P2-029,1,am_hard_utr,134.601,134.426-134.776,,,,,
P2-030,1,yt_match40,242.315,242.14-242.342,,,,,
P2-031,1,yt_match40,99.456,99.399-99.601,,,,,
P2-032,1,am_hard_utr,342.847,342.813-343.022,,,,,
P2-033,1,yt_match40,49.129,48.954-49.304,,,,,
P2-034,1,am_hard_utr,125.611,125.436-125.786,,,,,
P2-035,1,am_hard_utr,359.227,359.052-359.402,,,,,
P2-036,1,am_hard_utr,15.08,14.905-15.255,,,,,
P2-037,1,am_hard_utr,415.157,414.982-415.332,,,,,
P2-038,1,yt_match40,17.966,17.791-18.141,,,,,
P2-039,1,am_hard_utr,429.539,429.364-429.714,,,,,
P2-040,1,am_hard_utr,162.696,162.521-162.871,,,,,
P2-041,1,am_hard_utr,315.981,315.805-316.156,,,,,
P2-042,1,am_hard_utr,468.9,468.725-469.075,,,,,
P2-043,1,am_hard_utr,30.063,29.888-30.232,,,,,
P2-044,1,am_hard_utr,7.492,7.325-7.667,,,,,
P2-045,1,am_hard_utr,400.777,400.602-400.952,,,,,
P2-046,1,yt_match40,114.69,114.515-114.865,,,,,
P2-047,1,am_hard_utr,25.842,25.667-26.017,,,,,
P2-048,1,yt_match40,344.966,344.791-345.141,,,,,
P2-049,1,yt_match40,76.366,76.339-76.541,,,,,
P2-050,1,yt_match40,93.877,93.702-94.052,,,,,
P2-051,1,am_hard_utr,47.282,47.107-47.457,,,,,
P2-052,1,am_hard_utr,438.711,438.618-438.886,,,,,
P2-053,1,am_hard_utr,329.196,329.021-329.371,,,,,
P2-054,1,yt_match40,64.149,63.974-64.324,,,,,
P2-055,1,yt_match40,293.902,293.727-294.077,,,,,
P2-056,1,yt_match40,74.276,74.101-74.451,,,,,
P2-057,1,am_hard_utr,10.611,10.436-10.786,,,,,
P2-058,1,am_hard_utr,67.932,67.757-68.107,,,,,
P2-059,1,am_hard_utr,277.978,277.803-278.153,,,,,
P2-060,1,am_hard_utr,131.969,131.794-132.144,,,,,
P2-061,1,yt_match40,90.337,90.162-90.512,,,,,
P2-062,1,yt_match40,331.015,330.865-331.032,,,,,
P2-063,1,yt_match40,188.379,188.204-188.554,,,,,
P2-064,1,am_hard_utr,306.857,306.682-307.032,,,,,
P2-065,1,yt_match40,79.964,79.789-80.139,,,,,
P2-066,1,yt_match40,2.052,1.877-2.227,,,,,
P2-067,1,am_hard_utr,418.17,418.159-418.345,,,,,
P2-068,1,am_hard_utr,376.075,375.899-376.25,,,,,
P2-069,1,yt_match40,63.586,63.411-63.761,,,,,
P2-070,1,am_hard_utr,169.603,169.428-169.778,,,,,
P2-071,1,am_hard_utr,56.59,56.415-56.765,,,,,
P2-072,1,yt_match40,103.491,103.425-103.666,,,,,
P2-073,1,am_hard_utr,143.369,143.194-143.544,,,,,
P2-074,1,am_hard_utr,378.192,378.017-378.367,,,,,
P2-075,1,am_hard_utr,381.28,381.105-381.389,,,,,
P2-076,1,yt_match40,164.345,164.17-164.52,,,,,
P2-077,1,am_hard_utr,266.719,266.713-266.894,,,,,
P2-078,1,am_hard_utr,20.37,20.195-20.545,,,,,
P2-079,1,am_hard_utr,211.09,210.915-211.217,,,,,
P2-080,1,yt_match40,169.586,169.411-169.761,,,,,
P2-081,1,am_hard_utr,445.295,445.12-445.47,,,,,
P2-082,1,am_hard_utr,239.081,238.906-239.256,,,,,
P2-083,1,yt_match40,217.635,217.46-217.81,,,,,
P2-084,1,am_hard_utr,31.215,31.04-31.39,,,,,
P2-085,1,yt_match40,263.034,262.859-263.209,,,,,
P2-086,1,am_hard_utr,226.786,226.611-226.961,,,,,
P2-087,1,yt_match40,326.857,326.709-327.032,,,,,
P2-088,1,am_hard_utr,79.673,79.498-79.848,,,,,
P2-089,1,am_hard_utr,269.938,269.763-270.113,,,,,
P2-090,1,am_hard_utr,256.667,256.492-256.842,,,,,
P2-091,1,am_hard_utr,255.906,255.731-256.081,,,,,
P2-092,1,yt_match40,239.246,239.075-239.289,,,,,
P2-093,1,am_hard_utr,220.093,219.965-220.096,,,,,
P2-094,1,am_hard_utr,221.088,220.913-221.263,,,,,
P2-095,1,am_hard_utr,291.086,290.98-291.261,,,,,
P2-096,1,am_hard_utr,157.874,157.699-158.049,,,,,
P2-097,1,am_hard_utr,346.18,346.005-346.355,,,,,
P2-098,1,yt_match40,297.17,296.995-297.345,,,,,
P2-099,1,yt_match40,334.534,334.359-334.709,,,,,
P2-100,1,am_hard_utr,345.95,345.775-346.005,,,,,
P2-101,1,yt_match40,97.366,97.347-97.541,,,,,
P2-102,1,am_hard_utr,138.2,138.025-138.373,,,,,
P2-103,1,am_hard_utr,308.169,308.051-308.344,,,,,
P2-104,1,am_hard_utr,477.744,477.569-477.919,,,,,
P2-105,1,am_hard_utr,85.912,85.737-86.087,,,,,
P2-106,1,yt_match40,136.616,136.485-136.791,,,,,
P2-107,1,am_hard_utr,302.865,302.69-303.04,,,,,
P2-108,1,am_hard_utr,75.179,75.004-75.354,,,,,
P2-109,1,am_hard_utr,203.678,203.503-203.853,,,,,
P2-110,1,am_hard_utr,397.33,397.155-397.505,,,,,
P2-111,1,am_hard_utr,467.195,467.093-467.209,,,,,
P2-112,1,am_hard_utr,457.924,457.749-458.099,,,,,
P2-113,1,am_hard_utr,35.491,35.316-35.666,,,,,
P2-114,1,am_hard_utr,422.103,421.928-422.278,,,,,
P2-115,1,am_hard_utr,219.79,219.621-219.965,,,,,
P2-116,1,yt_match40,165.966,165.791-166.141,,,,,
P2-117,1,am_hard_utr,64.164,63.989-64.225,,,,,
P2-118,1,am_hard_utr,335.796,335.621-335.971,,,,,
P2-119,1,am_hard_utr,340.886,340.711-341.061,,,,,
P2-120,1,am_hard_utr,187.56,187.385-187.735,,,,,
P2-121,1,am_hard_utr,159.969,159.794-160.144,,,,,
P2-122,1,yt_match40,331.207,331.032-331.382,,,,,
P2-123,1,am_hard_utr,45.574,45.399-45.749,,,,,
P2-124,1,am_hard_utr,468.492,468.317-468.667,,,,,
P2-125,1,am_hard_utr,121.96,121.785-122.135,,,,,
P2-126,1,am_hard_utr,246.084,245.909-246.154,,,,,
P2-127,1,yt_match40,262.276,262.101-262.451,,,,,
P2-128,1,am_hard_utr,470.202,470.027-470.377,,,,,
P2-129,1,yt_match40,317.128,316.953-317.303,,,,,
P2-130,1,am_hard_utr,55.76,55.585-55.935,,,,,
P2-131,1,yt_match40,155.765,155.59-155.94,,,,,
P2-132,1,am_hard_utr,17.633,17.522-17.756,,,,,
P2-133,1,yt_match40,150.76,150.585-150.935,,,,,
P2-134,1,am_hard_utr,40.224,40.049-40.399,,,,,
P2-135,1,am_hard_utr,263.78,263.605-263.947,,,,,
P2-136,1,am_hard_utr,213.681,213.506-213.856,,,,,
P2-137,1,yt_match40,253.0,252.825-253.175,,,,,
P2-138,1,am_hard_utr,448.508,448.423-448.605,,,,,
P2-139,1,am_hard_utr,370.27,370.095-370.445,,,,,
P2-140,1,am_hard_utr,52.077,51.902-52.252,,,,,
P2-141,1,am_hard_utr,363.555,363.38-363.73,,,,,
P2-142,1,yt_match40,95.543,95.368-95.549,,,,,
P2-143,1,am_hard_utr,183.093,182.918-183.268,,,,,
P2-144,1,am_hard_utr,46.894,46.719-47.069,,,,,
P2-145,1,am_hard_utr,449.14,448.965-449.163,,,,,
P2-146,1,am_hard_utr,10.043,9.868-10.218,,,,,
P2-147,1,am_hard_utr,201.983,201.808-202.158,,,,,
P2-148,1,am_hard_utr,325.244,325.069-325.25,,,,,
P2-149,1,am_hard_utr,321.988,321.813-322.163,,,,,
P2-150,1,yt_match40,249.086,248.985-249.261,,,,,
P2-151,1,am_hard_utr,202.893,202.718-203.069,,,,,
P2-152,1,am_hard_utr,182.042,181.867-182.217,,,,,
P2-153,1,yt_match40,286.207,286.032-286.382,,,,,
P2-154,1,am_hard_utr,140.452,140.277-140.627,,,,,
P2-155,1,am_hard_utr,243.636,243.461-243.811,,,,,
P2-156,1,am_hard_utr,441.615,441.506-441.79,,,,,
P2-157,1,am_hard_utr,348.771,348.596-348.946,,,,,
P2-158,1,am_hard_utr,459.893,459.718-460.068,,,,,
P2-159,1,yt_match40,13.828,13.653-14.003,,,,,
P2-160,1,am_hard_utr,401.585,401.41-401.76,,,,,
P2-161,1,am_hard_utr,278.416,278.241-278.591,,,,,
P2-162,1,am_hard_utr,340.373,340.198-340.548,,,,,
P2-163,1,am_hard_utr,271.257,271.082-271.432,,,,,
P2-164,1,am_hard_utr,186.386,186.211-186.561,,,,,
P2-165,1,am_hard_utr,177.123,176.948-177.298,,,,,
P2-166,1,am_hard_utr,371.209,371.034-371.384,,,,,
P2-167,1,am_hard_utr,431.217,431.042-431.392,,,,,
P2-168,1,am_hard_utr,170.17,169.995-170.345,,,,,
P2-169,1,am_hard_utr,375.486,375.464-375.661,,,,,
P2-170,1,am_hard_utr,368.895,368.72-369.07,,,,,
P2-171,1,am_hard_utr,447.174,446.999-447.349,,,,,
P2-172,1,am_hard_utr,105.0,104.825-105.175,,,,,
P2-173,1,am_hard_utr,2.995,2.82-3.17,,,,,
P2-174,1,yt_match40,194.138,193.963-194.313,,,,,
P2-175,1,am_hard_utr,160.927,160.752-161.102,,,,,
P2-176,1,am_hard_utr,13.38,13.205-13.555,,,,,
P2-177,1,am_hard_utr,96.913,96.738-97.045,,,,,
P2-178,1,yt_match40,301.414,301.239-301.589,,,,,
P2-179,1,yt_match40,182.69,182.515-182.865,,,,,
P2-180,1,yt_match40,216.383,216.245-216.48,,,,,
P2-181,1,am_hard_utr,371.771,371.596-371.946,,,,,
P2-182,1,am_hard_utr,91.084,90.909-91.259,,,,,
P2-183,1,yt_match40,24.207,24.032-24.382,,,,,
P2-184,1,yt_match40,197.655,197.48-197.83,,,,,
P2-185,1,yt_match40,107.096,107.072-107.23,,,,,
P2-186,1,yt_match40,329.557,329.382-329.732,,,,,
P2-187,1,yt_match40,129.14,128.965-129.315,,,,,
P2-188,1,am_hard_utr,347.655,347.48-347.83,,,,,
P2-189,1,am_hard_utr,441.397,441.222-441.506,,,,,
P2-190,1,am_hard_utr,78.3,78.241-78.475,,,,,
P2-191,1,yt_match40,350.517,350.342-350.692,,,,,
P2-192,1,am_hard_utr,23.09,22.915-23.265,,,,,
P2-193,1,am_hard_utr,258.558,258.383-258.733,,,,,
P2-194,1,am_hard_utr,276.159,275.984-276.334,,,,,
P2-195,1,am_hard_utr,430.36,430.185-430.535,,,,,
P2-196,1,am_hard_utr,190.557,190.382-190.732,,,,,
P2-197,1,am_hard_utr,284.776,284.601-284.951,,,,,
P2-198,1,am_hard_utr,330.692,330.655-330.867,,,,,
P2-199,1,am_hard_utr,124.191,124.016-124.366,,,,,
P2-200,1,am_hard_utr,249.755,249.58-249.93,,,,,
P2-201,1,am_hard_utr,39.64,39.465-39.815,,,,,
P2-202,1,yt_match40,237.099,236.924-237.256,,,,,
P2-203,1,yt_match40,248.81,248.635-248.985,,,,,
P2-204,1,am_hard_utr,336.132,335.971-336.307,,,,,
P2-205,1,am_hard_utr,432.841,432.666-433.016,,,,,
P2-206,1,am_hard_utr,412.763,412.672-412.938,,,,,
P2-207,1,am_hard_utr,252.09,251.915-252.265,,,,,
P2-208,1,am_hard_utr,265.298,265.123-265.473,,,,,
P2-209,1,am_hard_utr,379.946,379.771-379.971,,,,,
P2-210,1,am_hard_utr,97.571,97.396-97.734,,,,,
P2-211,1,am_hard_utr,53.253,53.078-53.428,,,,,
P2-212,1,yt_match40,18.345,18.17-18.52,,,,,
P2-213,1,am_hard_utr,444.083,443.908-444.258,,,,,
P2-214,1,am_hard_utr,298.66,298.485-298.749,,,,,
P2-215,1,am_hard_utr,251.143,250.968-251.159,,,,,
P2-216,2,am_hard_utr,385.007,384.832-385.182,,,,,
P2-217,2,yt_match40,41.414,41.239-41.589,,,,,
P2-218,2,am_hard_utr,47.648,47.473-47.823,,,,,
P2-219,2,am_hard_utr,299.966,299.791-300.141,,,,,
P2-220,2,am_hard_utr,475.157,474.982-475.332,,,,,
P2-221,2,am_hard_utr,149.819,149.644-149.994,,,,,
P2-222,2,am_hard_utr,118.44,118.265-118.615,,,,,
P2-223,2,am_hard_utr,253.353,253.178-253.528,,,,,
P2-224,2,yt_match40,172.897,172.722-173.072,,,,,
P2-225,2,yt_match40,349.756,349.581-349.799,,,,,
P2-226,2,yt_match40,13.422,13.247-13.597,,,,,
P2-227,2,yt_match40,136.31,136.135-136.485,,,,,
P2-228,2,am_hard_utr,264.512,264.337-264.687,,,,,
P2-229,2,am_hard_utr,473.386,473.211-473.561,,,,,
P2-230,2,am_hard_utr,392.345,392.17-392.52,,,,,
P2-231,2,yt_match40,341.112,340.937-341.287,,,,,
P2-232,2,am_hard_utr,18.773,18.598-18.948,,,,,
P2-233,2,am_hard_utr,405.381,405.206-405.556,,,,,
P2-234,2,am_hard_utr,60.09,59.915-60.265,,,,,
P2-235,2,yt_match40,345.41,345.235-345.585,,,,,
P2-236,2,am_hard_utr,228.578,228.403-228.753,,,,,
P2-237,2,am_hard_utr,241.327,241.254-241.502,,,,,
P2-238,2,yt_match40,159.345,159.17-159.52,,,,,
P2-239,2,am_hard_utr,185.385,185.222-185.56,,,,,
P2-240,2,am_hard_utr,385.604,385.577-385.779,,,,,
P2-241,2,yt_match40,82.708,82.533-82.883,,,,,
P2-242,2,yt_match40,194.718,194.543-194.893,,,,,
P2-243,2,yt_match40,256.248,256.073-256.423,,,,,
P2-244,2,am_hard_utr,378.612,378.437-378.787,,,,,
P2-245,2,yt_match40,148.535,148.36-148.71,,,,,
P2-246,2,am_hard_utr,362.229,362.054-362.404,,,,,
P2-247,2,am_hard_utr,88.822,88.689-88.997,,,,,
P2-248,2,am_hard_utr,417.984,417.809-418.159,,,,,
P2-249,2,am_hard_utr,482.782,482.607-482.957,,,,,
P2-250,2,am_hard_utr,131.098,130.923-131.273,,,,,
P2-251,2,am_hard_utr,323.573,323.398-323.748,,,,,
P2-252,2,am_hard_utr,92.491,92.316-92.545,,,,,
P2-253,2,yt_match40,222.328,222.153-222.503,,,,,
P2-254,2,am_hard_utr,99.661,99.608-99.836,,,,,
P2-255,2,am_hard_utr,51.056,50.881-51.231,,,,,
P2-256,2,am_hard_utr,464.707,464.532-464.882,,,,,
P2-257,2,am_hard_utr,416.132,415.957-416.256,,,,,
P2-258,2,yt_match40,343.271,343.261-343.446,,,,,
P2-259,2,am_hard_utr,356.389,356.214-356.564,,,,,
P2-260,2,yt_match40,20.0,19.825-20.175,,,,,
P2-261,2,am_hard_utr,434.553,434.378-434.728,,,,,
P2-262,2,am_hard_utr,419.832,419.657-420.007,,,,,
P2-263,2,yt_match40,69.637,69.462-69.653,,,,,
P2-264,2,am_hard_utr,37.069,36.894-37.244,,,,,
P2-265,2,am_hard_utr,189.815,189.64-189.99,,,,,
P2-266,2,am_hard_utr,383.383,383.208-383.558,,,,,
P2-267,2,am_hard_utr,252.54,252.365-252.577,,,,,
P2-268,2,am_hard_utr,165.588,165.413-165.763,,,,,
P2-269,2,am_hard_utr,148.784,148.609-148.959,,,,,
P2-270,2,am_hard_utr,8.448,8.445-8.623,,,,,
P2-271,2,am_hard_utr,243.241,243.066-243.416,,,,,
P2-272,2,yt_match40,225.034,224.859-225.181,,,,,
P2-273,2,am_hard_utr,136.877,136.702-137.052,,,,,
P2-274,2,yt_match40,55.483,55.308-55.658,,,,,
P2-275,2,yt_match40,127.345,127.172-127.52,,,,,
P2-276,2,am_hard_utr,91.441,91.266-91.616,,,,,
P2-277,2,am_hard_utr,48.28,48.105-48.455,,,,,
P2-278,2,am_hard_utr,137.721,137.546-137.896,,,,,
P2-279,2,yt_match40,179.0,178.825-179.175,,,,,
P2-280,2,am_hard_utr,169.002,168.827-169.119,,,,,
P2-281,2,am_hard_utr,321.289,321.114-321.464,,,,,
P2-282,2,am_hard_utr,353.49,353.315-353.665,,,,,
P2-283,2,am_hard_utr,26.754,26.579-26.929,,,,,
P2-284,2,am_hard_utr,325.425,325.25-325.6,,,,,
P2-285,2,yt_match40,235.719,235.544-235.894,,,,,
P2-286,2,am_hard_utr,257.936,257.916-257.989,,,,,
P2-287,2,am_hard_utr,450.533,450.358-450.708,,,,,
P2-288,2,am_hard_utr,315.679,315.556-315.805,,,,,
P2-289,2,yt_match40,76.812,76.637-76.987,,,,,
P2-290,2,am_hard_utr,372.806,372.631-372.981,,,,,
P2-291,2,am_hard_utr,393.045,392.888-393.22,,,,,
P2-292,2,yt_match40,205.34,205.165-205.515,,,,,
P2-293,2,yt_match40,284.759,284.584-284.934,,,,,
P2-294,2,yt_match40,313.991,313.816-314.166,,,,,
P2-295,2,am_hard_utr,288.385,288.21-288.56,,,,,
P2-296,2,am_hard_utr,211.344,211.217-211.519,,,,,
P2-297,2,yt_match40,119.942,119.767-120.117,,,,,
P2-298,2,am_hard_utr,229.823,229.648-229.998,,,,,
P2-299,2,yt_match40,124.034,123.859-124.209,,,,,
P2-300,2,am_hard_utr,172.039,171.864-172.214,,,,,
P2-301,2,am_hard_utr,194.269,194.219-194.339,,,,,
P2-302,2,yt_match40,246.362,246.187-246.537,,,,,
P2-303,2,yt_match40,37.217,37.158-37.392,,,,,
P2-304,2,yt_match40,233.732,233.675-233.907,,,,,
P2-305,2,yt_match40,6.868,6.693-7.043,,,,,
P2-306,2,am_hard_utr,196.663,196.488-196.838,,,,,
P2-307,2,am_hard_utr,195.529,195.379-195.704,,,,,
P2-308,2,am_hard_utr,398.46,398.379-398.635,,,,,
P2-309,2,am_hard_utr,448.248,448.073-448.423,,,,,
P2-310,2,am_hard_utr,209.452,209.28-209.627,,,,,
P2-311,2,am_hard_utr,89.723,89.548-89.898,,,,,
P2-312,2,am_hard_utr,88.555,88.38-88.689,,,,,
P2-313,2,am_hard_utr,398.298,398.123-398.379,,,,,
P2-314,2,am_hard_utr,84.768,84.685-84.943,,,,,
P2-315,2,am_hard_utr,274.54,274.365-274.715,,,,,
P2-316,2,yt_match40,42.448,42.273-42.623,,,,,
P2-317,2,am_hard_utr,416.38,416.256-416.555,,,,,
P2-318,2,yt_match40,128.19,128.015-128.365,,,,,
P2-319,2,am_hard_utr,11.912,11.737-12.087,,,,,
P2-320,2,am_hard_utr,150.402,150.227-150.577,,,,,
P2-321,2,am_hard_utr,218.652,218.477-218.827,,,,,
P2-322,2,yt_match40,39.103,38.928-39.278,,,,,
P2-323,2,am_hard_utr,58.792,58.617-58.866,,,,,
P2-324,2,am_hard_utr,271.003,270.828-271.082,,,,,
P2-325,2,am_hard_utr,441.192,441.017-441.222,,,,,
P2-326,2,am_hard_utr,83.851,83.676-84.026,,,,,
P2-327,2,am_hard_utr,461.324,461.244-461.498,,,,,
P2-328,2,am_hard_utr,370.997,370.962-371.034,,,,,
P2-329,2,am_hard_utr,324.641,324.466-324.816,,,,,
P2-330,2,am_hard_utr,237.986,237.811-238.161,,,,,
P2-331,2,yt_match40,230.879,230.704-231.054,,,,,
P2-332,2,am_hard_utr,71.617,71.442-71.765,,,,,
P2-333,2,am_hard_utr,70.771,70.596-70.946,,,,,
P2-334,2,am_hard_utr,101.636,101.461-101.811,,,,,
P2-335,2,yt_match40,172.45,172.275-172.625,,,,,
P2-336,2,am_hard_utr,123.093,122.918-123.268,,,,,
P2-337,2,yt_match40,196.345,196.17-196.52,,,,,
P2-338,2,yt_match40,272.081,271.906-272.256,,,,,
P2-339,2,yt_match40,168.416,168.241-168.591,,,,,
P2-340,2,am_hard_utr,327.025,326.85-327.2,,,,,
P2-341,2,am_hard_utr,367.361,367.208-367.525,,,,,
P2-342,2,yt_match40,21.034,20.859-21.209,,,,,
P2-343,2,yt_match40,300.123,299.948-300.298,,,,,
P2-344,2,am_hard_utr,27.912,27.737-28.087,,,,,
P2-345,2,yt_match40,15.369,15.194-15.544,,,,,
P2-346,2,am_hard_utr,368.498,368.323-368.673,,,,,
P2-347,2,yt_match40,215.52,215.451-215.695,,,,,
P2-348,2,am_hard_utr,367.033,366.858-367.208,,,,,
P2-349,2,am_hard_utr,395.662,395.487-395.837,,,,,
P2-350,2,yt_match40,28.83,28.655-29.005,,,,,
P2-351,2,am_hard_utr,407.527,407.352-407.702,,,,,
P2-352,2,am_hard_utr,338.83,338.667-339.005,,,,,
P2-353,2,am_hard_utr,339.645,339.47-339.82,,,,,
P2-354,2,am_hard_utr,377.246,377.178-377.421,,,,,
P2-355,2,am_hard_utr,374.361,374.186-374.403,,,,,
P2-356,2,am_hard_utr,357.88,357.705-358.055,,,,,
P2-357,2,am_hard_utr,44.102,43.927-44.277,,,,,
P2-358,2,am_hard_utr,262.474,262.299-262.649,,,,,
P2-359,2,am_hard_utr,302.332,302.157-302.507,,,,,
P2-360,2,am_hard_utr,50.384,50.209-50.559,,,,,
P2-361,2,am_hard_utr,270.322,270.147-270.497,,,,,
P2-362,2,am_hard_utr,60.53,60.355-60.705,,,,,
P2-363,2,yt_match40,204.315,204.158-204.325,,,,,
P2-364,2,am_hard_utr,331.198,331.023-331.373,,,,,
P2-365,2,am_hard_utr,363.129,362.954-363.304,,,,,
P2-366,2,yt_match40,110.094,109.919-110.269,,,,,
P2-367,2,yt_match40,130.724,130.549-130.899,,,,,
P2-368,2,am_hard_utr,241.079,240.904-241.254,,,,,
P2-369,2,yt_match40,174.379,174.204-174.554,,,,,
P2-370,2,am_hard_utr,433.383,433.208-433.558,,,,,
P2-371,2,am_hard_utr,387.684,387.509-387.859,,,,,
P2-372,2,am_hard_utr,59.384,59.209-59.559,,,,,
P2-373,2,am_hard_utr,214.722,214.552-214.897,,,,,
P2-374,2,am_hard_utr,81.499,81.324-81.674,,,,,
P2-375,2,yt_match40,57.832,57.657-57.928,,,,,
P2-376,2,am_hard_utr,436.048,435.935-436.223,,,,,
P2-377,2,am_hard_utr,434.034,433.859-434.209,,,,,
P2-378,2,am_hard_utr,395.388,395.213-395.487,,,,,
P2-379,2,am_hard_utr,191.391,191.216-191.566,,,,,
P2-380,2,am_hard_utr,17.347,17.172-17.522,,,,,
P2-381,2,yt_match40,44.569,44.394-44.744,,,,,
P2-382,2,am_hard_utr,263.28,263.105-263.455,,,,,
P2-383,2,yt_match40,209.216,209.041-209.391,,,,,
P2-384,2,am_hard_utr,304.538,304.363-304.713,,,,,
P2-385,2,am_hard_utr,160.405,160.23-160.58,,,,,
P2-386,2,yt_match40,301.608,301.589-301.687,,,,,
P2-387,2,am_hard_utr,287.415,287.24-287.59,,,,,
P2-388,2,am_hard_utr,105.606,105.431-105.781,,,,,
P2-389,2,am_hard_utr,76.514,76.435-76.689,,,,,
P2-390,2,am_hard_utr,345.58,345.405-345.755,,,,,
P2-391,2,yt_match40,336.819,336.644-336.994,,,,,
P2-392,2,yt_match40,333.228,333.053-333.403,,,,,
P2-393,2,am_hard_utr,300.699,300.524-300.874,,,,,
P2-394,2,yt_match40,143.207,143.032-143.382,,,,,
P2-395,2,am_hard_utr,247.55,247.375-247.725,,,,,
P2-396,2,yt_match40,38.028,37.853-38.136,,,,,
P2-397,2,am_hard_utr,181.628,181.453-181.803,,,,,
P2-398,2,am_hard_utr,180.95,180.775-181.125,,,,,
P2-399,2,am_hard_utr,229.304,229.129-229.479,,,,,
P2-400,2,am_hard_utr,174.136,173.961-174.232,,,,,
P2-401,2,am_hard_utr,120.045,119.87-120.22,,,,,
P2-402,2,am_hard_utr,463.347,463.172-463.522,,,,,
P2-403,2,am_hard_utr,230.55,230.375-230.725,,,,,
P2-404,2,am_hard_utr,117.014,116.988-117.189,,,,,
P2-405,2,am_hard_utr,388.438,388.263-388.613,,,,,
P2-406,2,am_hard_utr,194.044,193.869-194.219,,,,,
P2-407,2,yt_match40,230.008,229.899-230.183,,,,,
P2-408,2,am_hard_utr,215.325,215.15-215.39,,,,,
P2-409,2,yt_match40,44.839,44.744-44.901,,,,,
P2-410,2,am_hard_utr,227.878,227.703-228.053,,,,,
P2-411,2,am_hard_utr,409.426,409.251-409.601,,,,,
P2-412,2,yt_match40,121.837,121.727-122.012,,,,,
P2-413,2,am_hard_utr,222.622,222.447-222.797,,,,,
P2-414,2,yt_match40,261.069,260.894-261.244,,,,,
P2-415,2,am_hard_utr,352.98,352.805-353.155,,,,,
P2-416,2,yt_match40,259.335,259.16-259.51,,,,,
P2-417,2,yt_match40,22.551,22.376-22.726,,,,,
P2-418,2,am_hard_utr,417.637,417.462-417.809,,,,,
P2-419,2,am_hard_utr,333.087,332.912-333.262,,,,,
P2-420,2,am_hard_utr,102.983,102.808-103.158,,,,,
P2-421,2,am_hard_utr,420.663,420.488-420.838,,,,,
P2-422,2,am_hard_utr,30.884,30.709-31.04,,,,,
P2-423,2,yt_match40,340.207,340.032-340.382,,,,,
P2-424,2,yt_match40,19.58,19.405-19.755,,,,,
P2-425,2,am_hard_utr,82.849,82.674-83.024,,,,,
P2-426,2,yt_match40,285.78,285.727-285.955,,,,,
P2-427,2,am_hard_utr,236.562,236.415-236.737,,,,,
P2-428,2,am_hard_utr,452.139,451.964-452.314,,,,,
P2-429,2,am_hard_utr,354.984,354.809-355.159,,,,,
P2-430,2,am_hard_utr,462.996,462.821-463.171,,,,,
